order_id,sku,category,zone,distance_m,picker_id,priority,qty,we_start,we_end,in_start,in_end,kom_start,kom_end,pack_start,pack_end,ship_start,ship_end
O1,SKU2824,A,D,38.02193573446044,P01,Medium,5,2025-01-01 15:14:00,2025-01-01 15:20:08.499506,2025-01-01 15:20:08.499506,2025-01-01 15:26:57.144986,2025-01-01 15:26:57.144986,2025-01-01 15:39:28.087542,2025-01-01 15:39:28.087542,2025-01-01 15:46:41.859901,2025-01-01 15:46:41.859901,2025-01-01 15:52:04.762938
O2,SKU3286,B,A,44.19121865976485,P12,Medium,6,2025-01-01 09:57:00,2025-01-01 10:00:28.489812,2025-01-01 10:00:28.489812,2025-01-01 10:06:19.924192,2025-01-01 10:06:19.924192,2025-01-01 10:20:58.736593,2025-01-01 10:20:58.736593,2025-01-01 10:24:58.736593,2025-01-01 10:24:58.736593,2025-01-01 10:32:24.269864
O3,SKU9935,A,C,67.22078901564743,P02,Low,4,2025-01-01 10:01:00,2025-01-01 10:04:13.921410,2025-01-01 10:04:13.921410,2025-01-01 10:11:31.017162,2025-01-01 10:11:31.017162,2025-01-01 10:30:08.104503,2025-01-01 10:30:08.104503,2025-01-01 10:41:24.225215,2025-01-01 10:41:24.225215,2025-01-01 10:47:14.798116
O4,SKU2535,B,B,43.99361310081195,P04,Low,1,2025-01-01 09:01:00,2025-01-01 09:04:42.498375,2025-01-01 09:04:42.498375,2025-01-01 09:10:30.293582,2025-01-01 09:10:30.293582,2025-01-01 09:25:57.665334,2025-01-01 09:25:57.665334,2025-01-01 09:34:56.045667,2025-01-01 09:34:56.045667,2025-01-01 09:39:20.851683
O5,SKU4257,A,D,52.08863595004755,P12,Low,4,2025-01-01 14:26:00,2025-01-01 14:28:02.419793,2025-01-01 14:28:02.419793,2025-01-01 14:32:23.037467,2025-01-01 14:32:23.037467,2025-01-01 14:48:11.004305,2025-01-01 14:48:11.004305,2025-01-01 14:58:39.620295,2025-01-01 14:58:39.620295,2025-01-01 15:04:55.043440
O6,SKU4611,A,A,35.214780096325725,P08,Low,5,2025-01-01 10:48:00,2025-01-01 10:51:16.809347,2025-01-01 10:51:16.809347,2025-01-01 10:57:21.532694,2025-01-01 10:57:21.532694,2025-01-01 11:15:33.103375,2025-01-01 11:15:33.103375,2025-01-01 11:25:14.337570,2025-01-01 11:25:14.337570,2025-01-01 11:28:35.663956
O7,SKU3615,A,C,58.23077999694041,P12,Low,1,2025-01-01 08:09:00,2025-01-01 08:13:36.700577,2025-01-01 08:13:36.700577,2025-01-01 08:22:40.420520,2025-01-01 08:22:40.420520,2025-01-01 08:38:47.435621,2025-01-01 08:38:47.435621,2025-01-01 08:46:06.729518,2025-01-01 08:46:06.729518,2025-01-01 08:51:38.900404
O8,SKU4527,B,C,76.79716344700701,P13,Low,6,2025-01-01 07:24:00,2025-01-01 07:27:06.107524,2025-01-01 07:27:06.107524,2025-01-01 07:35:46.282974,2025-01-01 07:35:46.282974,2025-01-01 07:59:20.447004,2025-01-01 07:59:20.447004,2025-01-01 08:06:15.907419,2025-01-01 08:06:15.907419,2025-01-01 08:12:09.085082
O9,SKU2584,B,C,98.72296253626672,P06,Low,6,2025-01-01 16:51:00,2025-01-01 16:54:04.776552,2025-01-01 16:54:04.776552,2025-01-01 17:00:16.939945,2025-01-01 17:00:16.939945,2025-01-01 17:24:58.322184,2025-01-01 17:24:58.322184,2025-01-01 17:31:08.072129,2025-01-01 17:31:08.072129,2025-01-01 17:38:41.896375
O10,SKU1711,A,D,35.81403536984442,P12,Low,5,2025-01-01 07:59:00,2025-01-01 08:03:11.420219,2025-01-01 08:03:11.420219,2025-01-01 08:10:27.710679,2025-01-01 08:10:27.710679,2025-01-01 08:27:22.051030,2025-01-01 08:27:22.051030,2025-01-01 08:37:46.648787,2025-01-01 08:37:46.648787,2025-01-01 08:44:19.131891
O11,SKU7201,B,B,44.70239796232961,P02,Low,4,2025-01-01 14:56:00,2025-01-01 15:00:30.796046,2025-01-01 15:00:30.796046,2025-01-01 15:07:42.445352,2025-01-01 15:07:42.445352,2025-01-01 15:25:05.015838,2025-01-01 15:25:05.015838,2025-01-01 15:32:40.769467,2025-01-01 15:32:40.769467,2025-01-01 15:38:11.279874
O12,SKU6925,A,B,41.29695045438926,P10,Medium,1,2025-01-01 07:02:00,2025-01-01 07:05:29.601407,2025-01-01 07:05:29.601407,2025-01-01 07:09:52.407325,2025-01-01 07:09:52.407325,2025-01-01 07:28:20.048443,2025-01-01 07:28:20.048443,2025-01-01 07:35:08.496548,2025-01-01 07:35:08.496548,2025-01-01 07:42:30.836137
O13,SKU4733,A,A,43.37261686621787,P13,Low,1,2025-01-01 07:54:00,2025-01-01 07:57:51.211632,2025-01-01 07:57:51.211632,2025-01-01 08:03:09.689590,2025-01-01 08:03:09.689590,2025-01-01 08:10:31.877205,2025-01-01 08:10:31.877205,2025-01-01 08:21:42.284448,2025-01-01 08:21:42.284448,2025-01-01 08:29:12.733267
O14,SKU4814,A,D,43.40817697563522,P14,Low,2,2025-01-01 08:29:00,2025-01-01 08:33:00.236238,2025-01-01 08:33:00.236238,2025-01-01 08:40:57.566730,2025-01-01 08:40:57.566730,2025-01-01 08:51:31.390636,2025-01-01 08:51:31.390636,2025-01-01 08:59:22.425531,2025-01-01 08:59:22.425531,2025-01-01 09:04:44.490691
O15,SKU6977,A,D,47.856755167438074,P03,Low,4,2025-01-01 07:42:00,2025-01-01 07:45:18.648347,2025-01-01 07:45:18.648347,2025-01-01 07:53:45.988321,2025-01-01 07:53:45.988321,2025-01-01 08:06:41.696367,2025-01-01 08:06:41.696367,2025-01-01 08:16:24.435547,2025-01-01 08:16:24.435547,2025-01-01 08:22:22.466268
O16,SKU5374,A,C,55.09463674869312,P12,Medium,1,2025-01-01 15:38:00,2025-01-01 15:41:26.022136,2025-01-01 15:41:26.022136,2025-01-01 15:48:37.980300,2025-01-01 15:48:37.980300,2025-01-01 16:00:07.922503,2025-01-01 16:00:07.922503,2025-01-01 16:06:01.842891,2025-01-01 16:06:01.842891,2025-01-01 16:12:08.013559
O17,SKU3803,B,A,54.819791390028946,P09,Medium,2,2025-01-01 15:29:00,2025-01-01 15:33:55.587382,2025-01-01 15:33:55.587382,2025-01-01 15:39:15.077615,2025-01-01 15:39:15.077615,2025-01-01 15:53:45.889855,2025-01-01 15:53:45.889855,2025-01-01 16:06:30.568149,2025-01-01 16:06:30.568149,2025-01-01 16:13:06.241804
O18,SKU7216,A,A,33.92516765438772,P05,High,4,2025-01-01 15:43:00,2025-01-01 15:47:11.078032,2025-01-01 15:47:11.078032,2025-01-01 15:54:42.263967,2025-01-01 15:54:42.263967,2025-01-01 16:10:26.543090,2025-01-01 16:10:26.543090,2025-01-01 16:16:58.109005,2025-01-01 16:16:58.109005,2025-01-01 16:20:59.267910
O19,SKU6313,B,D,43.19975278421509,P14,Medium,1,2025-01-01 15:14:00,2025-01-01 15:18:13.935222,2025-01-01 15:18:13.935222,2025-01-01 15:25:49.103919,2025-01-01 15:25:49.103919,2025-01-01 15:33:29.719180,2025-01-01 15:33:29.719180,2025-01-01 15:46:13.612121,2025-01-01 15:46:13.612121,2025-01-01 15:52:56.257084
O20,SKU1525,B,A,36.69925934485215,P13,Medium,1,2025-01-01 08:04:00,2025-01-01 08:07:58.482742,2025-01-01 08:07:58.482742,2025-01-01 08:17:39.662927,2025-01-01 08:17:39.662927,2025-01-01 08:24:37.639906,2025-01-01 08:24:37.639906,2025-01-01 08:31:42.452550,2025-01-01 08:31:42.452550,2025-01-01 08:39:21.896090
O21,SKU4456,A,C,73.78673548190896,P15,Medium,6,2025-01-01 16:13:00,2025-01-01 16:16:45.624330,2025-01-01 16:16:45.624330,2025-01-01 16:26:10.750166,2025-01-01 16:26:10.750166,2025-01-01 16:50:10.303380,2025-01-01 16:50:10.303380,2025-01-01 17:04:38.434039,2025-01-01 17:04:38.434039,2025-01-01 17:10:46.872928
O22,SKU9179,A,A,64.79848775198553,P07,Medium,3,2025-01-01 16:09:00,2025-01-01 16:13:23.806457,2025-01-01 16:13:23.806457,2025-01-01 16:16:49.816330,2025-01-01 16:16:49.816330,2025-01-01 16:31:04.843054,2025-01-01 16:31:04.843054,2025-01-01 16:40:44.109860,2025-01-01 16:40:44.109860,2025-01-01 16:47:29.701637
O23,SKU5339,C,B,40.50480954821142,P03,Low,3,2025-01-01 09:34:00,2025-01-01 09:37:24.186160,2025-01-01 09:37:24.186160,2025-01-01 09:44:10.841680,2025-01-01 09:44:10.841680,2025-01-01 09:51:29.038039,2025-01-01 09:51:29.038039,2025-01-01 09:57:48.069619,2025-01-01 09:57:48.069619,2025-01-01 10:01:22.117103
O24,SKU5304,B,D,50.58208718446,P12,Low,2,2025-01-01 14:25:00,2025-01-01 14:27:51.421782,2025-01-01 14:27:51.421782,2025-01-01 14:35:34.356265,2025-01-01 14:35:34.356265,2025-01-01 14:49:18.790003,2025-01-01 14:49:18.790003,2025-01-01 15:00:28.756152,2025-01-01 15:00:28.756152,2025-01-01 15:08:03.598337
O25,SKU6930,A,B,56.5679733116398,P04,Medium,3,2025-01-01 15:32:00,2025-01-01 15:34:33.845951,2025-01-01 15:34:33.845951,2025-01-01 15:39:11.854076,2025-01-01 15:39:11.854076,2025-01-01 15:54:50.361134,2025-01-01 15:54:50.361134,2025-01-01 16:03:30.523980,2025-01-01 16:03:30.523980,2025-01-01 16:08:28.678214
O26,SKU9085,A,D,51.65022798109339,P02,Low,2,2025-01-01 15:09:00,2025-01-01 15:12:08.644265,2025-01-01 15:12:08.644265,2025-01-01 15:19:03.887928,2025-01-01 15:19:03.887928,2025-01-01 15:29:37.550002,2025-01-01 15:29:37.550002,2025-01-01 15:35:02.930421,2025-01-01 15:35:02.930421,2025-01-01 15:41:35.087830
O27,SKU3621,A,A,53.544195851196626,P13,Low,6,2025-01-01 14:04:00,2025-01-01 14:06:07.181245,2025-01-01 14:06:07.181245,2025-01-01 14:15:03.148285,2025-01-01 14:15:03.148285,2025-01-01 14:31:52.443456,2025-01-01 14:31:52.443456,2025-01-01 14:43:17.691292,2025-01-01 14:43:17.691292,2025-01-01 14:49:04.080055
O28,SKU7304,A,B,36.92085700330625,P07,Medium,4,2025-01-01 13:33:00,2025-01-01 13:35:00.564027,2025-01-01 13:35:00.564027,2025-01-01 13:40:17.658161,2025-01-01 13:40:17.658161,2025-01-01 13:56:30.384271,2025-01-01 13:56:30.384271,2025-01-01 14:09:04.139200,2025-01-01 14:09:04.139200,2025-01-01 14:14:03.171790
O29,SKU5119,A,D,51.83855514409559,P09,Low,6,2025-01-01 15:43:00,2025-01-01 15:47:34.673828,2025-01-01 15:47:34.673828,2025-01-01 15:58:50.830778,2025-01-01 15:58:50.830778,2025-01-01 16:17:42.694897,2025-01-01 16:17:42.694897,2025-01-01 16:30:01.350292,2025-01-01 16:30:01.350292,2025-01-01 16:35:19.687004
O30,SKU2876,A,C,69.43819428146229,P11,Low,6,2025-01-01 16:49:00,2025-01-01 16:53:46.478043,2025-01-01 16:53:46.478043,2025-01-01 16:58:55.246386,2025-01-01 16:58:55.246386,2025-01-01 17:20:41.160988,2025-01-01 17:20:41.160988,2025-01-01 17:24:41.160988,2025-01-01 17:24:41.160988,2025-01-01 17:29:08.966100
O31,SKU6573,A,B,50.01813611194676,P02,Low,2,2025-01-01 07:29:00,2025-01-01 07:33:45.356117,2025-01-01 07:33:45.356117,2025-01-01 07:44:37.381233,2025-01-01 07:44:37.381233,2025-01-01 07:57:51.987520,2025-01-01 07:57:51.987520,2025-01-01 08:08:00.119724,2025-01-01 08:08:00.119724,2025-01-01 08:14:13.456080
O32,SKU1053,C,D,31.026230175113422,P12,Medium,4,2025-01-01 16:32:00,2025-01-01 16:37:16.832446,2025-01-01 16:37:16.832446,2025-01-01 16:43:03.016405,2025-01-01 16:43:03.016405,2025-01-01 17:02:29.210962,2025-01-01 17:02:29.210962,2025-01-01 17:12:51.632784,2025-01-01 17:12:51.632784,2025-01-01 17:18:58.020301
O33,SKU3927,A,D,41.169213415204666,P09,High,4,2025-01-01 16:53:00,2025-01-01 16:56:18.037317,2025-01-01 16:56:18.037317,2025-01-01 17:02:27.816251,2025-01-01 17:02:27.816251,2025-01-01 17:16:14.776152,2025-01-01 17:16:14.776152,2025-01-01 17:22:09.529104,2025-01-01 17:22:09.529104,2025-01-01 17:29:50.049514
O34,SKU9317,B,B,44.106352430557884,P10,Medium,6,2025-01-01 08:48:00,2025-01-01 08:52:50.976126,2025-01-01 08:52:50.976126,2025-01-01 09:00:33.817984,2025-01-01 09:00:33.817984,2025-01-01 09:15:53.732371,2025-01-01 09:15:53.732371,2025-01-01 09:26:41.684356,2025-01-01 09:26:41.684356,2025-01-01 09:33:09.341313
O35,SKU3646,B,C,81.78305509822896,P09,Low,2,2025-01-01 15:38:00,2025-01-01 15:40:07.531868,2025-01-01 15:40:07.531868,2025-01-01 15:50:20.830305,2025-01-01 15:50:20.830305,2025-01-01 16:09:06.561512,2025-01-01 16:09:06.561512,2025-01-01 16:17:22.429978,2025-01-01 16:17:22.429978,2025-01-01 16:22:33.134865
O36,SKU6310,A,D,65.52859775839326,P08,Low,4,2025-01-01 08:56:00,2025-01-01 08:59:33.628927,2025-01-01 08:59:33.628927,2025-01-01 09:05:44.679085,2025-01-01 09:05:44.679085,2025-01-01 09:23:04.942822,2025-01-01 09:23:04.942822,2025-01-01 09:32:06.400403,2025-01-01 09:32:06.400403,2025-01-01 09:39:30.184471
O37,SKU6038,B,B,45.887094093401856,P04,Medium,1,2025-01-01 09:05:00,2025-01-01 09:09:59.041413,2025-01-01 09:09:59.041413,2025-01-01 09:17:11.469583,2025-01-01 09:17:11.469583,2025-01-01 09:28:04.966630,2025-01-01 09:28:04.966630,2025-01-01 09:34:23.889091,2025-01-01 09:34:23.889091,2025-01-01 09:37:23.889091
O38,SKU2403,A,A,61.581108735000676,P12,Medium,4,2025-01-01 07:48:00,2025-01-01 07:52:47.499762,2025-01-01 07:52:47.499762,2025-01-01 08:01:02.394140,2025-01-01 08:01:02.394140,2025-01-01 08:19:04.982984,2025-01-01 08:19:04.982984,2025-01-01 08:28:03.513371,2025-01-01 08:28:03.513371,2025-01-01 08:32:42.760478
O39,SKU9727,A,C,56.745028032074885,P13,Low,5,2025-01-01 09:30:00,2025-01-01 09:33:40.716850,2025-01-01 09:33:40.716850,2025-01-01 09:41:30.268625,2025-01-01 09:41:30.268625,2025-01-01 09:58:59.268374,2025-01-01 09:58:59.268374,2025-01-01 10:06:20.601927,2025-01-01 10:06:20.601927,2025-01-01 10:12:42.533776
O40,SKU3705,A,C,49.183460743854546,P05,Low,2,2025-01-01 14:27:00,2025-01-01 14:31:04.740541,2025-01-01 14:31:04.740541,2025-01-01 14:40:12.023637,2025-01-01 14:40:12.023637,2025-01-01 14:54:49.871747,2025-01-01 14:54:49.871747,2025-01-01 15:03:11.787493,2025-01-01 15:03:11.787493,2025-01-01 15:09:53.047210
O41,SKU4470,C,C,44.62924065027861,P15,Low,4,2025-01-01 11:45:00,2025-01-01 11:50:34.201937,2025-01-01 11:50:34.201937,2025-01-01 11:56:57.923028,2025-01-01 11:56:57.923028,2025-01-01 12:13:24.877163,2025-01-01 12:13:24.877163,2025-01-01 12:21:02.996051,2025-01-01 12:21:02.996051,2025-01-01 12:26:58.658457
O42,SKU6107,A,A,38.95778211452867,P07,Medium,1,2025-01-01 16:28:00,2025-01-01 16:32:45.694310,2025-01-01 16:32:45.694310,2025-01-01 16:38:39.783328,2025-01-01 16:38:39.783328,2025-01-01 16:43:39.783328,2025-01-01 16:43:39.783328,2025-01-01 16:52:46.672882,2025-01-01 16:52:46.672882,2025-01-01 16:57:30.703186
O43,SKU9479,A,C,67.24092481810416,P08,High,5,2025-01-01 07:04:00,2025-01-01 07:08:00.755544,2025-01-01 07:08:00.755544,2025-01-01 07:15:12.476676,2025-01-01 07:15:12.476676,2025-01-01 07:33:06.780464,2025-01-01 07:33:06.780464,2025-01-01 07:42:09.721685,2025-01-01 07:42:09.721685,2025-01-01 07:48:54.541531
O44,SKU6539,B,C,56.02763668638694,P01,Low,5,2025-01-01 11:37:00,2025-01-01 11:42:31.549797,2025-01-01 11:42:31.549797,2025-01-01 11:50:15.578927,2025-01-01 11:50:15.578927,2025-01-01 12:09:59.454182,2025-01-01 12:09:59.454182,2025-01-01 12:17:14.386767,2025-01-01 12:17:14.386767,2025-01-01 12:22:53.250417
O45,SKU4608,A,A,42.43093909488404,P01,Medium,2,2025-01-01 09:03:00,2025-01-01 09:06:07.495271,2025-01-01 09:06:07.495271,2025-01-01 09:10:28.422038,2025-01-01 09:10:28.422038,2025-01-01 09:19:24.190689,2025-01-01 09:19:24.190689,2025-01-01 09:27:24.803478,2025-01-01 09:27:24.803478,2025-01-01 09:33:20.350318
O46,SKU4750,A,B,48.772112508424854,P02,Medium,5,2025-01-01 16:04:00,2025-01-01 16:08:38.933594,2025-01-01 16:08:38.933594,2025-01-01 16:17:12.566614,2025-01-01 16:17:12.566614,2025-01-01 16:34:02.393682,2025-01-01 16:34:02.393682,2025-01-01 16:40:34.585990,2025-01-01 16:40:34.585990,2025-01-01 16:46:51.648633
O47,SKU9423,A,C,78.72377796547246,P04,Low,1,2025-01-01 08:13:00,2025-01-01 08:16:19.332834,2025-01-01 08:16:19.332834,2025-01-01 08:25:37.756659,2025-01-01 08:25:37.756659,2025-01-01 08:39:52.597414,2025-01-01 08:39:52.597414,2025-01-01 08:47:29.299900,2025-01-01 08:47:29.299900,2025-01-01 08:53:39.187307
O48,SKU9834,A,A,53.424569180075146,P03,Low,6,2025-01-01 16:15:00,2025-01-01 16:20:54.691776,2025-01-01 16:20:54.691776,2025-01-01 16:28:33.036285,2025-01-01 16:28:33.036285,2025-01-01 16:47:28.373751,2025-01-01 16:47:28.373751,2025-01-01 16:59:39.910904,2025-01-01 16:59:39.910904,2025-01-01 17:06:34.005759
O49,SKU8749,B,B,36.31409884458143,P13,Low,1,2025-01-01 07:06:00,2025-01-01 07:10:32.129509,2025-01-01 07:10:32.129509,2025-01-01 07:19:39.383127,2025-01-01 07:19:39.383127,2025-01-01 07:33:24.714500,2025-01-01 07:33:24.714500,2025-01-01 07:40:45.367331,2025-01-01 07:40:45.367331,2025-01-01 07:46:18.019532
O50,SKU8062,B,C,74.37072520315178,P06,Medium,3,2025-01-01 08:55:00,2025-01-01 08:58:25.840432,2025-01-01 08:58:25.840432,2025-01-01 09:06:15.485968,2025-01-01 09:06:15.485968,2025-01-01 09:28:13.286250,2025-01-01 09:28:13.286250,2025-01-01 09:32:13.286250,2025-01-01 09:32:13.286250,2025-01-01 09:37:14.328574
O51,SKU1887,B,C,67.03113547946506,P11,Medium,6,2025-01-01 10:03:00,2025-01-01 10:07:02.974364,2025-01-01 10:07:02.974364,2025-01-01 10:17:16.243780,2025-01-01 10:17:16.243780,2025-01-01 10:42:47.749403,2025-01-01 10:42:47.749403,2025-01-01 10:50:03.519571,2025-01-01 10:50:03.519571,2025-01-01 10:56:13.996559
O52,SKU7596,B,C,67.20074328803621,P12,Low,4,2025-01-01 07:15:00,2025-01-01 07:17:06.966991,2025-01-01 07:17:06.966991,2025-01-01 07:26:03.202409,2025-01-01 07:26:03.202409,2025-01-01 07:46:42.638771,2025-01-01 07:46:42.638771,2025-01-01 07:58:08.097543,2025-01-01 07:58:08.097543,2025-01-01 08:03:55.133106
O53,SKU4139,B,A,29.325578999601234,P04,Low,6,2025-01-01 11:27:00,2025-01-01 11:30:54.652798,2025-01-01 11:30:54.652798,2025-01-01 11:35:18.116458,2025-01-01 11:35:18.116458,2025-01-01 11:53:14.610991,2025-01-01 11:53:14.610991,2025-01-01 12:02:58.602781,2025-01-01 12:02:58.602781,2025-01-01 12:07:34.013600
O54,SKU4006,A,B,54.6777954620771,P05,Medium,3,2025-01-01 07:28:00,2025-01-01 07:32:00.903863,2025-01-01 07:32:00.903863,2025-01-01 07:36:17.024089,2025-01-01 07:36:17.024089,2025-01-01 07:51:45.830097,2025-01-01 07:51:45.830097,2025-01-01 07:59:45.441599,2025-01-01 07:59:45.441599,2025-01-01 08:07:19.519750
O55,SKU2604,A,A,35.65911130767476,P01,Low,5,2025-01-01 14:53:00,2025-01-01 14:56:48.508031,2025-01-01 14:56:48.508031,2025-01-01 15:03:55.404911,2025-01-01 15:03:55.404911,2025-01-01 15:12:08.455131,2025-01-01 15:12:08.455131,2025-01-01 15:20:56.221190,2025-01-01 15:20:56.221190,2025-01-01 15:27:00.013257
O56,SKU1241,B,C,61.20942353817679,P02,Low,6,2025-01-01 15:10:00,2025-01-01 15:12:56.425251,2025-01-01 15:12:56.425251,2025-01-01 15:20:18.206088,2025-01-01 15:20:18.206088,2025-01-01 15:39:05.920906,2025-01-01 15:39:05.920906,2025-01-01 15:48:08.771084,2025-01-01 15:48:08.771084,2025-01-01 15:54:37.178322
O57,SKU7658,C,A,66.44967713501283,P08,Medium,6,2025-01-01 08:57:00,2025-01-01 09:00:45.057838,2025-01-01 09:00:45.057838,2025-01-01 09:08:54.244674,2025-01-01 09:08:54.244674,2025-01-01 09:29:28.967765,2025-01-01 09:29:28.967765,2025-01-01 09:44:38.433462,2025-01-01 09:44:38.433462,2025-01-01 09:52:19.195204
O58,SKU1960,A,B,42.2891345949556,P03,Low,1,2025-01-01 08:16:00,2025-01-01 08:20:34.570476,2025-01-01 08:20:34.570476,2025-01-01 08:29:57.322450,2025-01-01 08:29:57.322450,2025-01-01 08:40:21.257766,2025-01-01 08:40:21.257766,2025-01-01 08:49:30.289680,2025-01-01 08:49:30.289680,2025-01-01 08:54:11.538900
O59,SKU8454,A,B,49.92027358683383,P05,Low,2,2025-01-01 09:50:00,2025-01-01 09:55:28.796648,2025-01-01 09:55:28.796648,2025-01-01 10:02:38.080845,2025-01-01 10:02:38.080845,2025-01-01 10:12:02.571330,2025-01-01 10:12:02.571330,2025-01-01 10:24:05.346219,2025-01-01 10:24:05.346219,2025-01-01 10:30:53.848123
O60,SKU8973,A,A,52.2599727409403,P03,Low,6,2025-01-01 07:03:00,2025-01-01 07:07:50.384846,2025-01-01 07:07:50.384846,2025-01-01 07:14:49.037553,2025-01-01 07:14:49.037553,2025-01-01 07:28:07.758463,2025-01-01 07:28:07.758463,2025-01-01 07:38:07.347842,2025-01-01 07:38:07.347842,2025-01-01 07:43:49.865217
O61,SKU9883,A,A,57.974842044783145,P01,Low,4,2025-01-01 15:03:00,2025-01-01 15:07:08.712244,2025-01-01 15:07:08.712244,2025-01-01 15:17:44.131991,2025-01-01 15:17:44.131991,2025-01-01 15:33:18.569667,2025-01-01 15:33:18.569667,2025-01-01 15:43:26.530483,2025-01-01 15:43:26.530483,2025-01-01 15:50:41.394119
O62,SKU8811,A,B,44.35442996730425,P09,Medium,5,2025-01-01 15:03:00,2025-01-01 15:05:59.877197,2025-01-01 15:05:59.877197,2025-01-01 15:13:33.448079,2025-01-01 15:13:33.448079,2025-01-01 15:21:16.202787,2025-01-01 15:21:16.202787,2025-01-01 15:29:21.168474,2025-01-01 15:29:21.168474,2025-01-01 15:34:53.563998
O63,SKU9320,B,B,48.02037031298685,P02,Low,3,2025-01-01 15:38:00,2025-01-01 15:42:28.609686,2025-01-01 15:42:28.609686,2025-01-01 15:46:01.060075,2025-01-01 15:46:01.060075,2025-01-01 16:03:02.690810,2025-01-01 16:03:02.690810,2025-01-01 16:16:10.736090,2025-01-01 16:16:10.736090,2025-01-01 16:19:15.691554
O64,SKU2113,A,A,58.35692112065142,P11,Medium,4,2025-01-01 16:07:00,2025-01-01 16:09:52.217589,2025-01-01 16:09:52.217589,2025-01-01 16:17:55.794090,2025-01-01 16:17:55.794090,2025-01-01 16:38:05.417968,2025-01-01 16:38:05.417968,2025-01-01 16:42:08.820628,2025-01-01 16:42:08.820628,2025-01-01 16:46:57.100055
O65,SKU5033,A,D,56.83961637474451,P10,Medium,4,2025-01-01 14:05:00,2025-01-01 14:08:51.328555,2025-01-01 14:08:51.328555,2025-01-01 14:17:11.500669,2025-01-01 14:17:11.500669,2025-01-01 14:32:18.480989,2025-01-01 14:32:18.480989,2025-01-01 14:42:27.997401,2025-01-01 14:42:27.997401,2025-01-01 14:49:12.753661
O66,SKU7868,B,C,70.43483152963778,P11,Medium,5,2025-01-01 14:20:00,2025-01-01 14:25:02.095256,2025-01-01 14:25:02.095256,2025-01-01 14:28:02.095256,2025-01-01 14:28:02.095256,2025-01-01 14:49:39.644362,2025-01-01 14:49:39.644362,2025-01-01 14:58:07.219964,2025-01-01 14:58:07.219964,2025-01-01 15:05:32.505488
O67,SKU5272,B,B,57.079243669696744,P04,Low,3,2025-01-01 12:15:00,2025-01-01 12:21:12.507032,2025-01-01 12:21:12.507032,2025-01-01 12:32:12.272977,2025-01-01 12:32:12.272977,2025-01-01 12:41:40.434703,2025-01-01 12:41:40.434703,2025-01-01 12:48:15.174564,2025-01-01 12:48:15.174564,2025-01-01 12:51:49.967605
O68,SKU5351,A,A,31.326481736308907,P07,Low,3,2025-01-01 09:19:00,2025-01-01 09:22:14.112517,2025-01-01 09:22:14.112517,2025-01-01 09:31:04.053069,2025-01-01 09:31:04.053069,2025-01-01 09:45:58.277284,2025-01-01 09:45:58.277284,2025-01-01 09:58:22.976267,2025-01-01 09:58:22.976267,2025-01-01 10:04:20.066544
O69,SKU8491,A,D,58.303358165442454,P06,Medium,5,2025-01-01 15:00:00,2025-01-01 15:03:08.634970,2025-01-01 15:03:08.634970,2025-01-01 15:10:17.222918,2025-01-01 15:10:17.222918,2025-01-01 15:26:11.064727,2025-01-01 15:26:11.064727,2025-01-01 15:36:08.542306,2025-01-01 15:36:08.542306,2025-01-01 15:42:38.571895
O70,SKU8508,A,C,87.57198281093139,P10,Low,4,2025-01-01 15:04:00,2025-01-01 15:07:03.981713,2025-01-01 15:07:03.981713,2025-01-01 15:20:24.914769,2025-01-01 15:20:24.914769,2025-01-01 15:41:43.149975,2025-01-01 15:41:43.149975,2025-01-01 15:45:43.149975,2025-01-01 15:45:43.149975,2025-01-01 15:51:08.451533
O71,SKU9808,B,A,33.67781920571481,P04,Low,4,2025-01-01 11:59:00,2025-01-01 12:03:16.857859,2025-01-01 12:03:16.857859,2025-01-01 12:08:09.851611,2025-01-01 12:08:09.851611,2025-01-01 12:19:59.593939,2025-01-01 12:19:59.593939,2025-01-01 12:29:20.065243,2025-01-01 12:29:20.065243,2025-01-01 12:36:35.266129
O72,SKU6718,A,B,47.311658232048245,P15,High,4,2025-01-01 07:23:00,2025-01-01 07:26:33.608143,2025-01-01 07:26:33.608143,2025-01-01 07:34:50.810615,2025-01-01 07:34:50.810615,2025-01-01 07:54:16.327390,2025-01-01 07:54:16.327390,2025-01-01 08:05:40.923868,2025-01-01 08:05:40.923868,2025-01-01 08:12:41.442120
O73,SKU5669,A,A,40.10395179741419,P03,Low,6,2025-01-01 09:45:00,2025-01-01 09:48:52.452785,2025-01-01 09:48:52.452785,2025-01-01 09:55:59.139774,2025-01-01 09:55:59.139774,2025-01-01 10:16:16.717958,2025-01-01 10:16:16.717958,2025-01-01 10:21:53.622202,2025-01-01 10:21:53.622202,2025-01-01 10:30:11.281731
O74,SKU5956,A,B,40.847586200036346,P10,Medium,5,2025-01-01 15:42:00,2025-01-01 15:46:14.766221,2025-01-01 15:46:14.766221,2025-01-01 15:55:20.980237,2025-01-01 15:55:20.980237,2025-01-01 16:10:11.539559,2025-01-01 16:10:11.539559,2025-01-01 16:19:03.682277,2025-01-01 16:19:03.682277,2025-01-01 16:26:16.349839
O75,SKU5905,A,D,38.74580992253111,P15,Low,3,2025-01-01 11:16:00,2025-01-01 11:19:51.057800,2025-01-01 11:19:51.057800,2025-01-01 11:26:50.259385,2025-01-01 11:26:50.259385,2025-01-01 11:35:15.288136,2025-01-01 11:35:15.288136,2025-01-01 11:45:51.820829,2025-01-01 11:45:51.820829,2025-01-01 11:51:37.671579
O76,SKU2891,A,C,65.78408922506077,P15,Medium,4,2025-01-01 09:09:00,2025-01-01 09:11:30.917906,2025-01-01 09:11:30.917906,2025-01-01 09:18:26.473596,2025-01-01 09:18:26.473596,2025-01-01 09:38:18.478816,2025-01-01 09:38:18.478816,2025-01-01 09:49:31.357684,2025-01-01 09:49:31.357684,2025-01-01 09:55:47.193783
O77,SKU5462,A,A,36.37296396460021,P05,Low,5,2025-01-01 12:13:00,2025-01-01 12:15:05.324779,2025-01-01 12:15:05.324779,2025-01-01 12:20:57.265199,2025-01-01 12:20:57.265199,2025-01-01 12:39:28.702957,2025-01-01 12:39:28.702957,2025-01-01 12:52:59.481039,2025-01-01 12:52:59.481039,2025-01-01 12:58:07.858375
O78,SKU5325,A,C,62.450227825791444,P09,Low,1,2025-01-01 07:05:00,2025-01-01 07:10:30.239579,2025-01-01 07:10:30.239579,2025-01-01 07:13:30.239579,2025-01-01 07:13:30.239579,2025-01-01 07:30:31.412179,2025-01-01 07:30:31.412179,2025-01-01 07:42:00.942402,2025-01-01 07:42:00.942402,2025-01-01 07:45:00.942402
O79,SKU7939,A,A,35.924883052821784,P14,Medium,3,2025-01-01 07:21:00,2025-01-01 07:24:13.330999,2025-01-01 07:24:13.330999,2025-01-01 07:29:00.061898,2025-01-01 07:29:00.061898,2025-01-01 07:46:21.019876,2025-01-01 07:46:21.019876,2025-01-01 07:57:13.301283,2025-01-01 07:57:13.301283,2025-01-01 08:05:07.741242
O80,SKU3143,A,A,75.71372359688783,P11,Low,3,2025-01-01 15:47:00,2025-01-01 15:51:08.940322,2025-01-01 15:51:08.940322,2025-01-01 15:59:46.447594,2025-01-01 15:59:46.447594,2025-01-01 16:10:12.205417,2025-01-01 16:10:12.205417,2025-01-01 16:19:29.391271,2025-01-01 16:19:29.391271,2025-01-01 16:26:57.437639
O81,SKU8239,B,C,61.3903383418092,P09,High,6,2025-01-01 15:07:00,2025-01-01 15:12:09.559788,2025-01-01 15:12:09.559788,2025-01-01 15:16:59.832189,2025-01-01 15:16:59.832189,2025-01-01 15:39:59.042628,2025-01-01 15:39:59.042628,2025-01-01 15:50:10.214779,2025-01-01 15:50:10.214779,2025-01-01 15:55:42.355599
O82,SKU2232,A,A,63.67370254721994,P15,Low,3,2025-01-01 11:34:00,2025-01-01 11:38:57.495230,2025-01-01 11:38:57.495230,2025-01-01 11:46:24.766599,2025-01-01 11:46:24.766599,2025-01-01 12:03:31.445292,2025-01-01 12:03:31.445292,2025-01-01 12:14:32.057551,2025-01-01 12:14:32.057551,2025-01-01 12:19:46.388195
O83,SKU1590,A,A,62.46694736529587,P14,Medium,5,2025-01-01 09:09:00,2025-01-01 09:11:00.000000,2025-01-01 09:11:00.000000,2025-01-01 09:14:29.583670,2025-01-01 09:14:29.583670,2025-01-01 09:30:36.299352,2025-01-01 09:30:36.299352,2025-01-01 09:41:32.918075,2025-01-01 09:41:32.918075,2025-01-01 09:47:30.131832
O84,SKU8041,B,B,58.69740440228413,P03,Low,6,2025-01-01 08:57:00,2025-01-01 09:02:03.427496,2025-01-01 09:02:03.427496,2025-01-01 09:06:20.425770,2025-01-01 09:06:20.425770,2025-01-01 09:23:48.111192,2025-01-01 09:23:48.111192,2025-01-01 09:30:48.025133,2025-01-01 09:30:48.025133,2025-01-01 09:39:34.882017
O85,SKU1653,A,D,51.958452550976816,P15,Medium,5,2025-01-01 09:15:00,2025-01-01 09:18:01.297633,2025-01-01 09:18:01.297633,2025-01-01 09:25:50.287964,2025-01-01 09:25:50.287964,2025-01-01 09:37:25.573631,2025-01-01 09:37:25.573631,2025-01-01 09:48:29.072307,2025-01-01 09:48:29.072307,2025-01-01 09:55:11.606080
O86,SKU2684,A,A,59.113761958045636,P06,Low,1,2025-01-01 16:39:00,2025-01-01 16:42:05.007251,2025-01-01 16:42:05.007251,2025-01-01 16:50:30.401969,2025-01-01 16:50:30.401969,2025-01-01 16:57:55.190536,2025-01-01 16:57:55.190536,2025-01-01 17:12:26.481968,2025-01-01 17:12:26.481968,2025-01-01 17:18:07.070271
O87,SKU3532,B,B,46.51986913703161,P15,Medium,6,2025-01-01 15:51:00,2025-01-01 15:55:11.913502,2025-01-01 15:55:11.913502,2025-01-01 15:59:19.789706,2025-01-01 15:59:19.789706,2025-01-01 16:18:43.492883,2025-01-01 16:18:43.492883,2025-01-01 16:24:40.611054,2025-01-01 16:24:40.611054,2025-01-01 16:29:28.751540
O88,SKU3900,A,C,63.72304149389228,P15,Low,3,2025-01-01 07:47:00,2025-01-01 07:51:33.308717,2025-01-01 07:51:33.308717,2025-01-01 07:55:02.734296,2025-01-01 07:55:02.734296,2025-01-01 08:11:32.771629,2025-01-01 08:11:32.771629,2025-01-01 08:18:04.936654,2025-01-01 08:18:04.936654,2025-01-01 08:24:18.007064
O89,SKU6442,B,C,76.49273326285676,P13,High,3,2025-01-01 15:17:00,2025-01-01 15:20:17.809414,2025-01-01 15:20:17.809414,2025-01-01 15:27:13.610795,2025-01-01 15:27:13.610795,2025-01-01 15:50:41.311309,2025-01-01 15:50:41.311309,2025-01-01 15:58:26.075262,2025-01-01 15:58:26.075262,2025-01-01 16:07:09.195632
O90,SKU3608,A,C,61.92214383320188,P13,Medium,4,2025-01-01 16:55:00,2025-01-01 16:58:20.466095,2025-01-01 16:58:20.466095,2025-01-01 17:06:40.114561,2025-01-01 17:06:40.114561,2025-01-01 17:27:53.472887,2025-01-01 17:27:53.472887,2025-01-01 17:35:09.240024,2025-01-01 17:35:09.240024,2025-01-01 17:41:13.269042
O91,SKU1634,C,C,77.86268613404602,P14,Medium,1,2025-01-01 07:52:00,2025-01-01 07:57:03.732591,2025-01-01 07:57:03.732591,2025-01-01 08:03:09.283274,2025-01-01 08:03:09.283274,2025-01-01 08:20:20.388885,2025-01-01 08:20:20.388885,2025-01-01 08:26:17.202662,2025-01-01 08:26:17.202662,2025-01-01 08:32:11.991220
O92,SKU8541,C,D,37.490036690181526,P06,Low,2,2025-01-01 07:14:00,2025-01-01 07:20:36.358648,2025-01-01 07:20:36.358648,2025-01-01 07:26:08.405834,2025-01-01 07:26:08.405834,2025-01-01 07:35:48.283124,2025-01-01 07:35:48.283124,2025-01-01 07:43:09.971397,2025-01-01 07:43:09.971397,2025-01-01 07:50:05.385184
O93,SKU1387,A,B,49.33123675522733,P11,Medium,6,2025-01-01 08:17:00,2025-01-01 08:20:20.182443,2025-01-01 08:20:20.182443,2025-01-01 08:31:43.110364,2025-01-01 08:31:43.110364,2025-01-01 08:50:40.309958,2025-01-01 08:50:40.309958,2025-01-01 08:57:07.421680,2025-01-01 08:57:07.421680,2025-01-01 09:05:14.685321
O94,SKU2137,A,B,62.55756125573521,P13,Medium,3,2025-01-01 09:32:00,2025-01-01 09:35:06.323562,2025-01-01 09:35:06.323562,2025-01-01 09:41:43.898965,2025-01-01 09:41:43.898965,2025-01-01 09:55:10.092742,2025-01-01 09:55:10.092742,2025-01-01 10:07:03.730088,2025-01-01 10:07:03.730088,2025-01-01 10:13:21.420018
O95,SKU7548,A,C,62.81896101626057,P11,Medium,2,2025-01-01 16:01:00,2025-01-01 16:05:59.751452,2025-01-01 16:05:59.751452,2025-01-01 16:13:30.490827,2025-01-01 16:13:30.490827,2025-01-01 16:28:43.825903,2025-01-01 16:28:43.825903,2025-01-01 16:39:00.734365,2025-01-01 16:39:00.734365,2025-01-01 16:44:45.262162
O96,SKU2889,A,A,44.901424225000255,P15,Low,1,2025-01-01 15:37:00,2025-01-01 15:39:00.000000,2025-01-01 15:39:00.000000,2025-01-01 15:47:50.379301,2025-01-01 15:47:50.379301,2025-01-01 15:58:46.283000,2025-01-01 15:58:46.283000,2025-01-01 16:04:24.464561,2025-01-01 16:04:24.464561,2025-01-01 16:07:46.190651
O97,SKU5349,B,A,57.861749201892025,P01,Low,6,2025-01-01 08:22:00,2025-01-01 08:25:32.860310,2025-01-01 08:25:32.860310,2025-01-01 08:33:52.925041,2025-01-01 08:33:52.925041,2025-01-01 08:57:30.610104,2025-01-01 08:57:30.610104,2025-01-01 09:07:25.819105,2025-01-01 09:07:25.819105,2025-01-01 09:13:03.343290
O98,SKU6139,A,A,59.843223984765835,P07,Low,4,2025-01-01 14:07:00,2025-01-01 14:10:47.160669,2025-01-01 14:10:47.160669,2025-01-01 14:17:41.225024,2025-01-01 14:17:41.225024,2025-01-01 14:35:41.751876,2025-01-01 14:35:41.751876,2025-01-01 14:42:27.025233,2025-01-01 14:42:27.025233,2025-01-01 14:49:01.442110
O99,SKU7311,C,A,52.89168643907818,P15,High,6,2025-01-01 12:02:00,2025-01-01 12:08:27.318008,2025-01-01 12:08:27.318008,2025-01-01 12:14:10.789210,2025-01-01 12:14:10.789210,2025-01-01 12:30:52.559877,2025-01-01 12:30:52.559877,2025-01-01 12:38:37.783014,2025-01-01 12:38:37.783014,2025-01-01 12:43:47.790073
O100,SKU8144,B,B,75.01698212860443,P01,Low,1,2025-01-01 14:43:00,2025-01-01 14:47:28.177247,2025-01-01 14:47:28.177247,2025-01-01 14:51:04.296382,2025-01-01 14:51:04.296382,2025-01-01 15:04:36.325845,2025-01-01 15:04:36.325845,2025-01-01 15:09:56.628000,2025-01-01 15:09:56.628000,2025-01-01 15:20:41.691450
O101,SKU4228,C,D,52.029230208513,P06,Low,5,2025-01-01 09:58:00,2025-01-01 10:00:29.055353,2025-01-01 10:00:29.055353,2025-01-01 10:10:34.755977,2025-01-01 10:10:34.755977,2025-01-01 10:32:40.189339,2025-01-01 10:32:40.189339,2025-01-01 10:40:26.654696,2025-01-01 10:40:26.654696,2025-01-01 10:45:51.761556
O102,SKU6409,B,D,55.06734662486838,P10,Medium,1,2025-01-01 07:46:00,2025-01-01 07:49:47.957223,2025-01-01 07:49:47.957223,2025-01-01 07:54:59.232928,2025-01-01 07:54:59.232928,2025-01-01 08:08:55.110059,2025-01-01 08:08:55.110059,2025-01-01 08:17:26.855252,2025-01-01 08:17:26.855252,2025-01-01 08:23:36.046855
O103,SKU5920,A,D,15.191911712399161,P09,Low,4,2025-01-01 08:20:00,2025-01-01 08:23:07.786605,2025-01-01 08:23:07.786605,2025-01-01 08:32:32.461974,2025-01-01 08:32:32.461974,2025-01-01 08:45:05.377753,2025-01-01 08:45:05.377753,2025-01-01 08:56:44.242729,2025-01-01 08:56:44.242729,2025-01-01 09:01:02.379276
O104,SKU7592,A,B,46.21707116462971,P12,Medium,3,2025-01-01 07:12:00,2025-01-01 07:16:32.806761,2025-01-01 07:16:32.806761,2025-01-01 07:23:00.858257,2025-01-01 07:23:00.858257,2025-01-01 07:35:19.806193,2025-01-01 07:35:19.806193,2025-01-01 07:41:59.538641,2025-01-01 07:41:59.538641,2025-01-01 07:46:52.712349
O105,SKU7888,C,A,48.328819196831454,P11,Medium,4,2025-01-01 15:39:00,2025-01-01 15:43:08.802821,2025-01-01 15:43:08.802821,2025-01-01 15:52:33.583897,2025-01-01 15:52:33.583897,2025-01-01 16:04:56.508391,2025-01-01 16:04:56.508391,2025-01-01 16:14:40.749188,2025-01-01 16:14:40.749188,2025-01-01 16:20:05.348695
O106,SKU5930,B,C,66.91099068019903,P07,Low,5,2025-01-01 10:19:00,2025-01-01 10:23:02.786193,2025-01-01 10:23:02.786193,2025-01-01 10:27:19.603456,2025-01-01 10:27:19.603456,2025-01-01 10:49:45.395042,2025-01-01 10:49:45.395042,2025-01-01 11:00:02.853144,2025-01-01 11:00:02.853144,2025-01-01 11:09:17.546069
O107,SKU5700,B,A,61.86387412215288,P04,Medium,2,2025-01-01 09:38:00,2025-01-01 09:41:45.818830,2025-01-01 09:41:45.818830,2025-01-01 09:46:23.568429,2025-01-01 09:46:23.568429,2025-01-01 09:58:22.951025,2025-01-01 09:58:22.951025,2025-01-01 10:08:55.402051,2025-01-01 10:08:55.402051,2025-01-01 10:15:56.311375
O108,SKU6279,A,C,72.51902618032699,P08,High,1,2025-01-01 09:13:00,2025-01-01 09:17:58.613945,2025-01-01 09:17:58.613945,2025-01-01 09:23:35.163349,2025-01-01 09:23:35.163349,2025-01-01 09:38:12.794889,2025-01-01 09:38:12.794889,2025-01-01 09:51:15.243125,2025-01-01 09:51:15.243125,2025-01-01 09:56:08.654440
O109,SKU9375,A,B,48.68961593001004,P08,Low,1,2025-01-01 15:42:00,2025-01-01 15:44:00.000000,2025-01-01 15:44:00.000000,2025-01-01 15:52:27.854833,2025-01-01 15:52:27.854833,2025-01-01 16:06:04.404949,2025-01-01 16:06:04.404949,2025-01-01 16:11:40.285723,2025-01-01 16:11:40.285723,2025-01-01 16:17:03.701364
O110,SKU2389,C,B,39.787671828692865,P05,Low,5,2025-01-01 14:21:00,2025-01-01 14:25:42.501387,2025-01-01 14:25:42.501387,2025-01-01 14:33:11.757473,2025-01-01 14:33:11.757473,2025-01-01 14:46:58.949350,2025-01-01 14:46:58.949350,2025-01-01 14:53:25.312822,2025-01-01 14:53:25.312822,2025-01-01 15:00:43.833982
O111,SKU2530,C,A,31.532275655285986,P14,Low,5,2025-01-01 15:43:00,2025-01-01 15:46:25.999835,2025-01-01 15:46:25.999835,2025-01-01 15:55:45.618090,2025-01-01 15:55:45.618090,2025-01-01 16:07:37.531949,2025-01-01 16:07:37.531949,2025-01-01 16:15:03.895751,2025-01-01 16:15:03.895751,2025-01-01 16:22:01.512835
O112,SKU6085,B,C,70.05501810611491,P04,Low,4,2025-01-01 15:01:00,2025-01-01 15:04:58.264507,2025-01-01 15:04:58.264507,2025-01-01 15:12:30.624830,2025-01-01 15:12:30.624830,2025-01-01 15:30:49.544780,2025-01-01 15:30:49.544780,2025-01-01 15:41:14.470645,2025-01-01 15:41:14.470645,2025-01-01 15:48:19.499252
O113,SKU1757,B,C,77.49201767487534,P04,Medium,4,2025-01-01 15:29:00,2025-01-01 15:33:29.484274,2025-01-01 15:33:29.484274,2025-01-01 15:38:25.798174,2025-01-01 15:38:25.798174,2025-01-01 15:58:01.792308,2025-01-01 15:58:01.792308,2025-01-01 16:07:46.789661,2025-01-01 16:07:46.789661,2025-01-01 16:12:38.623704
O114,SKU7790,A,A,34.08595352503711,P15,Low,6,2025-01-01 11:45:00,2025-01-01 11:49:33.882064,2025-01-01 11:49:33.882064,2025-01-01 11:55:17.729460,2025-01-01 11:55:17.729460,2025-01-01 12:14:41.480584,2025-01-01 12:14:41.480584,2025-01-01 12:23:08.252723,2025-01-01 12:23:08.252723,2025-01-01 12:29:05.967709
O115,SKU7291,A,B,60.2352152246566,P08,Low,6,2025-01-01 07:41:00,2025-01-01 07:43:54.382263,2025-01-01 07:43:54.382263,2025-01-01 07:51:39.038030,2025-01-01 07:51:39.038030,2025-01-01 08:12:06.646311,2025-01-01 08:12:06.646311,2025-01-01 08:21:03.745074,2025-01-01 08:21:03.745074,2025-01-01 08:26:12.354649
O116,SKU1090,A,A,65.0339830176715,P15,High,6,2025-01-01 15:49:00,2025-01-01 15:53:52.641737,2025-01-01 15:53:52.641737,2025-01-01 16:00:26.126036,2025-01-01 16:00:26.126036,2025-01-01 16:20:01.169385,2025-01-01 16:20:01.169385,2025-01-01 16:29:26.175322,2025-01-01 16:29:26.175322,2025-01-01 16:32:26.175322
O117,SKU7965,A,B,36.146281343302675,P04,Low,4,2025-01-01 09:33:00,2025-01-01 09:35:53.560829,2025-01-01 09:35:53.560829,2025-01-01 09:44:43.877173,2025-01-01 09:44:43.877173,2025-01-01 10:00:00.209196,2025-01-01 10:00:00.209196,2025-01-01 10:09:12.420885,2025-01-01 10:09:12.420885,2025-01-01 10:14:47.758022
O118,SKU8611,C,A,68.11980124134871,P01,Medium,1,2025-01-01 10:29:00,2025-01-01 10:33:21.475544,2025-01-01 10:33:21.475544,2025-01-01 10:41:08.667122,2025-01-01 10:41:08.667122,2025-01-01 10:55:30.046044,2025-01-01 10:55:30.046044,2025-01-01 11:03:20.510451,2025-01-01 11:03:20.510451,2025-01-01 11:10:58.521349
O119,SKU3184,B,A,63.51478429473507,P13,Medium,4,2025-01-01 09:35:00,2025-01-01 09:39:27.848080,2025-01-01 09:39:27.848080,2025-01-01 09:45:18.283971,2025-01-01 09:45:18.283971,2025-01-01 10:01:35.033799,2025-01-01 10:01:35.033799,2025-01-01 10:10:08.404305,2025-01-01 10:10:08.404305,2025-01-01 10:14:19.097599
O120,SKU6198,B,C,61.7965269180568,P13,Medium,1,2025-01-01 16:53:00,2025-01-01 16:57:25.449957,2025-01-01 16:57:25.449957,2025-01-01 17:05:28.190216,2025-01-01 17:05:28.190216,2025-01-01 17:17:25.703377,2025-01-01 17:17:25.703377,2025-01-01 17:26:22.780826,2025-01-01 17:26:22.780826,2025-01-01 17:35:35.585158
O121,SKU9976,A,C,56.56626845460619,P08,Low,1,2025-01-01 16:28:00,2025-01-01 16:31:59.187027,2025-01-01 16:31:59.187027,2025-01-01 16:36:14.823245,2025-01-01 16:36:14.823245,2025-01-01 16:47:58.869479,2025-01-01 16:47:58.869479,2025-01-01 16:54:17.507228,2025-01-01 16:54:17.507228,2025-01-01 16:59:44.191871
O122,SKU5246,B,A,45.16813537700626,P13,High,2,2025-01-01 09:17:00,2025-01-01 09:22:34.439206,2025-01-01 09:22:34.439206,2025-01-01 09:27:07.347326,2025-01-01 09:27:07.347326,2025-01-01 09:34:14.768660,2025-01-01 09:34:14.768660,2025-01-01 09:43:41.702878,2025-01-01 09:43:41.702878,2025-01-01 09:51:15.941725
O123,SKU9540,A,C,78.16943563232562,P08,Low,2,2025-01-01 12:28:00,2025-01-01 12:32:26.358165,2025-01-01 12:32:26.358165,2025-01-01 12:37:39.772874,2025-01-01 12:37:39.772874,2025-01-01 12:50:23.442349,2025-01-01 12:50:23.442349,2025-01-01 12:58:02.743612,2025-01-01 12:58:02.743612,2025-01-01 13:01:02.743612
O124,SKU2269,B,A,53.23800127605945,P12,Medium,4,2025-01-01 08:21:00,2025-01-01 08:24:42.510601,2025-01-01 08:24:42.510601,2025-01-01 08:28:24.451656,2025-01-01 08:28:24.451656,2025-01-01 08:43:34.803550,2025-01-01 08:43:34.803550,2025-01-01 08:52:15.995902,2025-01-01 08:52:15.995902,2025-01-01 08:59:51.612038
O125,SKU6238,A,B,36.74923529063953,P15,Low,6,2025-01-01 11:09:00,2025-01-01 11:14:04.383130,2025-01-01 11:14:04.383130,2025-01-01 11:23:10.024231,2025-01-01 11:23:10.024231,2025-01-01 11:38:57.372441,2025-01-01 11:38:57.372441,2025-01-01 11:47:59.398648,2025-01-01 11:47:59.398648,2025-01-01 11:53:50.959758
O126,SKU4788,A,B,48.49580145538167,P07,Low,3,2025-01-01 11:04:00,2025-01-01 11:08:59.732915,2025-01-01 11:08:59.732915,2025-01-01 11:14:48.776529,2025-01-01 11:14:48.776529,2025-01-01 11:22:18.357998,2025-01-01 11:22:18.357998,2025-01-01 11:29:31.918231,2025-01-01 11:29:31.918231,2025-01-01 11:36:10.090869
O127,SKU7797,A,C,61.51347865592141,P07,High,1,2025-01-01 08:26:00,2025-01-01 08:29:39.044538,2025-01-01 08:29:39.044538,2025-01-01 08:36:00.448332,2025-01-01 08:36:00.448332,2025-01-01 08:55:53.343841,2025-01-01 08:55:53.343841,2025-01-01 09:05:39.176095,2025-01-01 09:05:39.176095,2025-01-01 09:12:17.879843
O128,SKU2020,A,D,46.78376863954037,P04,Low,5,2025-01-01 16:57:00,2025-01-01 17:00:32.939698,2025-01-01 17:00:32.939698,2025-01-01 17:07:50.840969,2025-01-01 17:07:50.840969,2025-01-01 17:22:35.561155,2025-01-01 17:22:35.561155,2025-01-01 17:30:20.696731,2025-01-01 17:30:20.696731,2025-01-01 17:35:32.390262
O129,SKU1320,A,A,51.393425936212644,P14,Low,4,2025-01-01 16:30:00,2025-01-01 16:34:27.152094,2025-01-01 16:34:27.152094,2025-01-01 16:41:11.122513,2025-01-01 16:41:11.122513,2025-01-01 16:59:34.939010,2025-01-01 16:59:34.939010,2025-01-01 17:04:22.828747,2025-01-01 17:04:22.828747,2025-01-01 17:14:47.226503
O130,SKU1096,B,A,42.67315808742381,P06,Low,5,2025-01-01 08:54:00,2025-01-01 08:58:30.325629,2025-01-01 08:58:30.325629,2025-01-01 09:06:42.324934,2025-01-01 09:06:42.324934,2025-01-01 09:20:02.550727,2025-01-01 09:20:02.550727,2025-01-01 09:28:07.538294,2025-01-01 09:28:07.538294,2025-01-01 09:33:14.093008
O131,SKU7865,C,B,48.9715583686393,P09,Medium,2,2025-01-01 15:31:00,2025-01-01 15:34:58.392339,2025-01-01 15:34:58.392339,2025-01-01 15:43:18.608515,2025-01-01 15:43:18.608515,2025-01-01 15:53:39.396430,2025-01-01 15:53:39.396430,2025-01-01 16:03:24.203973,2025-01-01 16:03:24.203973,2025-01-01 16:10:09.835392
O132,SKU4595,A,C,71.38730222029184,P05,High,1,2025-01-01 07:24:00,2025-01-01 07:26:51.419705,2025-01-01 07:26:51.419705,2025-01-01 07:37:07.431489,2025-01-01 07:37:07.431489,2025-01-01 07:48:19.413132,2025-01-01 07:48:19.413132,2025-01-01 07:57:55.729388,2025-01-01 07:57:55.729388,2025-01-01 08:02:47.844561
O133,SKU6507,C,A,47.38033563681447,P11,High,1,2025-01-01 13:46:00,2025-01-01 13:49:29.539213,2025-01-01 13:49:29.539213,2025-01-01 13:57:05.827074,2025-01-01 13:57:05.827074,2025-01-01 14:04:58.745522,2025-01-01 14:04:58.745522,2025-01-01 14:15:46.922478,2025-01-01 14:15:46.922478,2025-01-01 14:21:34.424845
O134,SKU3704,B,B,51.20499958789301,P14,Medium,1,2025-01-01 07:39:00,2025-01-01 07:41:58.279540,2025-01-01 07:41:58.279540,2025-01-01 07:46:24.916830,2025-01-01 07:46:24.916830,2025-01-01 07:52:06.273499,2025-01-01 07:52:06.273499,2025-01-01 07:59:20.053879,2025-01-01 07:59:20.053879,2025-01-01 08:07:39.784442
O135,SKU9751,A,A,50.41689037131941,P01,Low,4,2025-01-01 15:05:00,2025-01-01 15:08:46.056054,2025-01-01 15:08:46.056054,2025-01-01 15:16:40.187490,2025-01-01 15:16:40.187490,2025-01-01 15:28:33.867586,2025-01-01 15:28:33.867586,2025-01-01 15:37:34.201471,2025-01-01 15:37:34.201471,2025-01-01 15:46:00.040139
O136,SKU8022,A,D,36.10427533236404,P03,Medium,4,2025-01-01 15:03:00,2025-01-01 15:05:21.276075,2025-01-01 15:05:21.276075,2025-01-01 15:14:23.984527,2025-01-01 15:14:23.984527,2025-01-01 15:35:19.765612,2025-01-01 15:35:19.765612,2025-01-01 15:47:05.878350,2025-01-01 15:47:05.878350,2025-01-01 15:53:56.630171
O137,SKU5262,B,C,62.2940010833663,P07,High,5,2025-01-01 08:20:00,2025-01-01 08:25:15.709225,2025-01-01 08:25:15.709225,2025-01-01 08:32:31.226062,2025-01-01 08:32:31.226062,2025-01-01 08:53:23.398612,2025-01-01 08:53:23.398612,2025-01-01 08:59:57.322029,2025-01-01 08:59:57.322029,2025-01-01 09:05:13.937817
O138,SKU6529,A,A,41.294273837382434,P13,Low,4,2025-01-01 16:48:00,2025-01-01 16:51:00.943657,2025-01-01 16:51:00.943657,2025-01-01 16:59:57.451745,2025-01-01 16:59:57.451745,2025-01-01 17:12:14.076998,2025-01-01 17:12:14.076998,2025-01-01 17:17:24.624619,2025-01-01 17:17:24.624619,2025-01-01 17:24:00.340099
O139,SKU7906,B,C,65.91434127558996,P05,Low,4,2025-01-01 16:01:00,2025-01-01 16:06:18.864145,2025-01-01 16:06:18.864145,2025-01-01 16:12:14.025483,2025-01-01 16:12:14.025483,2025-01-01 16:32:21.948858,2025-01-01 16:32:21.948858,2025-01-01 16:43:15.821657,2025-01-01 16:43:15.821657,2025-01-01 16:48:16.231530
O140,SKU9837,A,D,52.23914134064661,P01,Low,6,2025-01-01 16:14:00,2025-01-01 16:19:21.848426,2025-01-01 16:19:21.848426,2025-01-01 16:26:36.875366,2025-01-01 16:26:36.875366,2025-01-01 16:43:33.017217,2025-01-01 16:43:33.017217,2025-01-01 16:52:47.692917,2025-01-01 16:52:47.692917,2025-01-01 16:59:36.589740
O141,SKU2124,B,D,39.406078695300565,P13,Low,1,2025-01-01 15:48:00,2025-01-01 15:52:28.653223,2025-01-01 15:52:28.653223,2025-01-01 16:00:57.423216,2025-01-01 16:00:57.423216,2025-01-01 16:09:38.185286,2025-01-01 16:09:38.185286,2025-01-01 16:19:16.194333,2025-01-01 16:19:16.194333,2025-01-01 16:27:32.063954
O142,SKU1508,A,B,68.19573046698656,P04,Medium,4,2025-01-01 07:39:00,2025-01-01 07:42:10.308361,2025-01-01 07:42:10.308361,2025-01-01 07:49:39.045656,2025-01-01 07:49:39.045656,2025-01-01 08:04:07.456864,2025-01-01 08:04:07.456864,2025-01-01 08:17:34.180339,2025-01-01 08:17:34.180339,2025-01-01 08:21:42.776454
O143,SKU3496,A,C,77.24584437626143,P04,Medium,5,2025-01-01 09:07:00,2025-01-01 09:12:37.403794,2025-01-01 09:12:37.403794,2025-01-01 09:16:32.970039,2025-01-01 09:16:32.970039,2025-01-01 09:38:34.640326,2025-01-01 09:38:34.640326,2025-01-01 09:50:29.779558,2025-01-01 09:50:29.779558,2025-01-01 09:53:58.101574
O144,SKU4571,A,D,43.821873207433846,P08,Low,5,2025-01-01 12:10:00,2025-01-01 12:15:53.789663,2025-01-01 12:15:53.789663,2025-01-01 12:26:18.815227,2025-01-01 12:26:18.815227,2025-01-01 12:40:57.492029,2025-01-01 12:40:57.492029,2025-01-01 12:50:44.287299,2025-01-01 12:50:44.287299,2025-01-01 12:58:32.653421
O145,SKU2876,A,D,44.18319086051356,P13,Medium,4,2025-01-01 16:06:00,2025-01-01 16:08:59.114596,2025-01-01 16:08:59.114596,2025-01-01 16:14:41.201291,2025-01-01 16:14:41.201291,2025-01-01 16:25:25.991188,2025-01-01 16:25:25.991188,2025-01-01 16:34:30.081204,2025-01-01 16:34:30.081204,2025-01-01 16:39:20.783613
O146,SKU1420,A,C,71.31291283260168,P15,Low,5,2025-01-01 09:58:00,2025-01-01 10:00:26.603042,2025-01-01 10:00:26.603042,2025-01-01 10:05:15.169028,2025-01-01 10:05:15.169028,2025-01-01 10:28:04.982037,2025-01-01 10:28:04.982037,2025-01-01 10:34:22.111409,2025-01-01 10:34:22.111409,2025-01-01 10:40:05.094077
O147,SKU7149,A,B,47.39501438061277,P07,Low,3,2025-01-01 15:04:00,2025-01-01 15:09:43.610031,2025-01-01 15:09:43.610031,2025-01-01 15:16:55.182077,2025-01-01 15:16:55.182077,2025-01-01 15:28:06.992453,2025-01-01 15:28:06.992453,2025-01-01 15:35:08.109366,2025-01-01 15:35:08.109366,2025-01-01 15:42:04.756589
O148,SKU4978,A,A,63.14009474643899,P02,Low,4,2025-01-01 12:54:00,2025-01-01 12:56:47.127391,2025-01-01 12:56:47.127391,2025-01-01 13:02:43.058299,2025-01-01 13:02:43.058299,2025-01-01 13:14:48.612943,2025-01-01 13:14:48.612943,2025-01-01 13:23:57.372554,2025-01-01 13:23:57.372554,2025-01-01 13:31:07.579590
O149,SKU2983,B,C,69.25178842274701,P13,Medium,2,2025-01-01 15:22:00,2025-01-01 15:26:20.139479,2025-01-01 15:26:20.139479,2025-01-01 15:33:38.790759,2025-01-01 15:33:38.790759,2025-01-01 15:56:58.133602,2025-01-01 15:56:58.133602,2025-01-01 16:05:23.236872,2025-01-01 16:05:23.236872,2025-01-01 16:10:46.532794
O150,SKU9728,A,B,31.637946268967035,P07,Low,1,2025-01-01 10:32:00,2025-01-01 10:36:30.479480,2025-01-01 10:36:30.479480,2025-01-01 10:41:18.075487,2025-01-01 10:41:18.075487,2025-01-01 10:46:18.075487,2025-01-01 10:46:18.075487,2025-01-01 10:56:04.704920,2025-01-01 10:56:04.704920,2025-01-01 11:05:49.074877
O151,SKU6590,C,B,50.26122431539726,P01,High,5,2025-01-01 16:06:00,2025-01-01 16:08:00.000000,2025-01-01 16:08:00.000000,2025-01-01 16:16:46.373784,2025-01-01 16:16:46.373784,2025-01-01 16:26:25.025389,2025-01-01 16:26:25.025389,2025-01-01 16:38:22.162922,2025-01-01 16:38:22.162922,2025-01-01 16:45:59.685563
O152,SKU8102,A,C,59.537398289691026,P06,Low,4,2025-01-01 13:45:00,2025-01-01 13:49:58.864119,2025-01-01 13:49:58.864119,2025-01-01 13:58:24.336698,2025-01-01 13:58:24.336698,2025-01-01 14:16:43.201702,2025-01-01 14:16:43.201702,2025-01-01 14:24:16.539945,2025-01-01 14:24:16.539945,2025-01-01 14:34:13.169082
O153,SKU3506,A,C,59.83743984062873,P07,Low,6,2025-01-01 09:41:00,2025-01-01 09:45:55.906566,2025-01-01 09:45:55.906566,2025-01-01 09:51:19.961895,2025-01-01 09:51:19.961895,2025-01-01 10:13:22.265167,2025-01-01 10:13:22.265167,2025-01-01 10:24:16.360723,2025-01-01 10:24:16.360723,2025-01-01 10:27:16.360723
O154,SKU5425,A,A,50.6447441481012,P10,Medium,4,2025-01-01 16:29:00,2025-01-01 16:31:01.472006,2025-01-01 16:31:01.472006,2025-01-01 16:36:08.751759,2025-01-01 16:36:08.751759,2025-01-01 16:50:46.684464,2025-01-01 16:50:46.684464,2025-01-01 16:57:21.521095,2025-01-01 16:57:21.521095,2025-01-01 17:04:15.514681
O155,SKU8136,B,C,51.687702072859295,P14,Low,3,2025-01-01 16:20:00,2025-01-01 16:24:16.699744,2025-01-01 16:24:16.699744,2025-01-01 16:31:07.210294,2025-01-01 16:31:07.210294,2025-01-01 16:42:20.885369,2025-01-01 16:42:20.885369,2025-01-01 16:52:38.395508,2025-01-01 16:52:38.395508,2025-01-01 17:00:42.083364
O156,SKU5022,A,B,46.32775784045007,P14,Low,5,2025-01-01 16:56:00,2025-01-01 16:59:17.594595,2025-01-01 16:59:17.594595,2025-01-01 17:06:53.888561,2025-01-01 17:06:53.888561,2025-01-01 17:21:08.827980,2025-01-01 17:21:08.827980,2025-01-01 17:30:10.710386,2025-01-01 17:30:10.710386,2025-01-01 17:35:05.124535
O157,SKU8385,C,C,69.90636221422714,P04,Medium,4,2025-01-01 16:21:00,2025-01-01 16:23:58.325834,2025-01-01 16:23:58.325834,2025-01-01 16:31:54.798146,2025-01-01 16:31:54.798146,2025-01-01 16:53:05.656723,2025-01-01 16:53:05.656723,2025-01-01 17:01:13.752852,2025-01-01 17:01:13.752852,2025-01-01 17:09:13.189881
O158,SKU1470,B,B,55.41462728204788,P08,Low,6,2025-01-01 15:31:00,2025-01-01 15:35:45.549310,2025-01-01 15:35:45.549310,2025-01-01 15:41:36.368062,2025-01-01 15:41:36.368062,2025-01-01 15:52:22.468213,2025-01-01 15:52:22.468213,2025-01-01 16:00:16.918879,2025-01-01 16:00:16.918879,2025-01-01 16:06:52.181239
O159,SKU4475,A,A,38.055602419943,P06,Low,2,2025-01-01 16:17:00,2025-01-01 16:21:30.770617,2025-01-01 16:21:30.770617,2025-01-01 16:25:44.217090,2025-01-01 16:25:44.217090,2025-01-01 16:34:15.347241,2025-01-01 16:34:15.347241,2025-01-01 16:43:14.133332,2025-01-01 16:43:14.133332,2025-01-01 16:52:33.791260
O160,SKU5526,A,A,61.68217721816865,P09,Low,2,2025-01-01 07:05:00,2025-01-01 07:08:08.225680,2025-01-01 07:08:08.225680,2025-01-01 07:11:08.225680,2025-01-01 07:11:08.225680,2025-01-01 07:22:58.228506,2025-01-01 07:22:58.228506,2025-01-01 07:30:13.250060,2025-01-01 07:30:13.250060,2025-01-01 07:33:13.250060
O161,SKU4954,B,D,54.65045461015182,P12,High,1,2025-01-01 09:48:00,2025-01-01 09:52:09.999170,2025-01-01 09:52:09.999170,2025-01-01 09:59:49.020386,2025-01-01 09:59:49.020386,2025-01-01 10:10:16.912788,2025-01-01 10:10:16.912788,2025-01-01 10:20:53.984292,2025-01-01 10:20:53.984292,2025-01-01 10:25:50.043563
O162,SKU4937,B,B,63.01741289398798,P12,Low,6,2025-01-01 09:31:00,2025-01-01 09:36:33.690672,2025-01-01 09:36:33.690672,2025-01-01 09:43:37.531170,2025-01-01 09:43:37.531170,2025-01-01 10:00:40.020431,2025-01-01 10:00:40.020431,2025-01-01 10:10:35.217088,2025-01-01 10:10:35.217088,2025-01-01 10:15:34.222705
O163,SKU8342,A,C,72.9305638065743,P13,Low,1,2025-01-01 08:14:00,2025-01-01 08:19:13.665136,2025-01-01 08:19:13.665136,2025-01-01 08:25:58.903465,2025-01-01 08:25:58.903465,2025-01-01 08:41:03.439147,2025-01-01 08:41:03.439147,2025-01-01 08:50:04.641943,2025-01-01 08:50:04.641943,2025-01-01 08:55:15.808036
O164,SKU7625,A,B,56.8026537929548,P12,High,4,2025-01-01 09:37:00,2025-01-01 09:42:09.468891,2025-01-01 09:42:09.468891,2025-01-01 09:48:15.299732,2025-01-01 09:48:15.299732,2025-01-01 10:02:37.626027,2025-01-01 10:02:37.626027,2025-01-01 10:12:11.531250,2025-01-01 10:12:11.531250,2025-01-01 10:17:07.824509
O165,SKU7046,B,B,51.74018556620604,P08,Low,4,2025-01-01 12:27:00,2025-01-01 12:31:14.744039,2025-01-01 12:31:14.744039,2025-01-01 12:36:31.377995,2025-01-01 12:36:31.377995,2025-01-01 12:49:03.335955,2025-01-01 12:49:03.335955,2025-01-01 12:59:58.799878,2025-01-01 12:59:58.799878,2025-01-01 13:05:54.042482
O166,SKU6419,A,A,64.55618690081117,P06,Low,2,2025-01-01 16:19:00,2025-01-01 16:24:47.956295,2025-01-01 16:24:47.956295,2025-01-01 16:33:17.452445,2025-01-01 16:33:17.452445,2025-01-01 16:48:31.606818,2025-01-01 16:48:31.606818,2025-01-01 16:55:49.158434,2025-01-01 16:55:49.158434,2025-01-01 17:02:21.487280
O167,SKU5118,A,D,58.60204242020484,P04,Low,1,2025-01-01 07:20:00,2025-01-01 07:22:00.000000,2025-01-01 07:22:00.000000,2025-01-01 07:26:46.262901,2025-01-01 07:26:46.262901,2025-01-01 07:37:01.458855,2025-01-01 07:37:01.458855,2025-01-01 07:46:39.263714,2025-01-01 07:46:39.263714,2025-01-01 07:52:24.289214
O168,SKU2958,B,B,58.60473488359745,P12,Low,5,2025-01-01 11:12:00,2025-01-01 11:15:25.015354,2025-01-01 11:15:25.015354,2025-01-01 11:22:04.960748,2025-01-01 11:22:04.960748,2025-01-01 11:40:17.453548,2025-01-01 11:40:17.453548,2025-01-01 11:48:47.610613,2025-01-01 11:48:47.610613,2025-01-01 11:57:12.271715
O169,SKU4545,B,C,63.530012178029274,P12,Medium,4,2025-01-01 09:37:00,2025-01-01 09:40:38.131964,2025-01-01 09:40:38.131964,2025-01-01 09:45:58.716432,2025-01-01 09:45:58.716432,2025-01-01 10:07:03.577708,2025-01-01 10:07:03.577708,2025-01-01 10:19:31.164647,2025-01-01 10:19:31.164647,2025-01-01 10:25:58.181942
O170,SKU9595,A,C,65.30478850265665,P10,Low,2,2025-01-01 07:53:00,2025-01-01 07:55:30.483831,2025-01-01 07:55:30.483831,2025-01-01 08:03:29.817041,2025-01-01 08:03:29.817041,2025-01-01 08:21:11.896223,2025-01-01 08:21:11.896223,2025-01-01 08:34:47.945433,2025-01-01 08:34:47.945433,2025-01-01 08:42:24.734409
O171,SKU4180,A,B,51.62669998997532,P05,Low,5,2025-01-01 07:19:00,2025-01-01 07:22:08.621606,2025-01-01 07:22:08.621606,2025-01-01 07:28:47.188409,2025-01-01 07:28:47.188409,2025-01-01 07:48:30.105974,2025-01-01 07:48:30.105974,2025-01-01 07:57:54.855679,2025-01-01 07:57:54.855679,2025-01-01 08:02:06.392918
O172,SKU1231,B,C,62.90976742713975,P12,Medium,4,2025-01-01 12:02:00,2025-01-01 12:05:08.968773,2025-01-01 12:05:08.968773,2025-01-01 12:10:59.305959,2025-01-01 12:10:59.305959,2025-01-01 12:31:02.708676,2025-01-01 12:31:02.708676,2025-01-01 12:43:23.097217,2025-01-01 12:43:23.097217,2025-01-01 12:49:58.617655
O173,SKU1893,B,A,66.3894082734419,P09,Low,5,2025-01-01 07:40:00,2025-01-01 07:46:37.505180,2025-01-01 07:46:37.505180,2025-01-01 07:54:05.217193,2025-01-01 07:54:05.217193,2025-01-01 08:12:56.110084,2025-01-01 08:12:56.110084,2025-01-01 08:23:35.349411,2025-01-01 08:23:35.349411,2025-01-01 08:30:47.151652
O174,SKU9042,B,C,56.828145333910044,P02,Medium,6,2025-01-01 16:30:00,2025-01-01 16:32:00.000000,2025-01-01 16:32:00.000000,2025-01-01 16:40:10.686834,2025-01-01 16:40:10.686834,2025-01-01 17:01:52.625397,2025-01-01 17:01:52.625397,2025-01-01 17:07:28.763493,2025-01-01 17:07:28.763493,2025-01-01 17:15:39.911111
O175,SKU8843,A,C,61.060186366975785,P08,Low,6,2025-01-01 07:16:00,2025-01-01 07:19:35.290431,2025-01-01 07:19:35.290431,2025-01-01 07:23:41.943538,2025-01-01 07:23:41.943538,2025-01-01 07:39:49.274347,2025-01-01 07:39:49.274347,2025-01-01 07:48:52.759960,2025-01-01 07:48:52.759960,2025-01-01 07:56:29.538233
O176,SKU8827,B,A,70.61503576636397,P02,Low,4,2025-01-01 16:31:00,2025-01-01 16:36:12.501974,2025-01-01 16:36:12.501974,2025-01-01 16:45:15.389477,2025-01-01 16:45:15.389477,2025-01-01 17:04:05.734542,2025-01-01 17:04:05.734542,2025-01-01 17:14:39.137871,2025-01-01 17:14:39.137871,2025-01-01 17:19:49.531157
O177,SKU2213,A,A,55.53272688950949,P10,Low,5,2025-01-01 10:09:00,2025-01-01 10:12:30.374403,2025-01-01 10:12:30.374403,2025-01-01 10:15:30.374403,2025-01-01 10:15:30.374403,2025-01-01 10:33:40.094733,2025-01-01 10:33:40.094733,2025-01-01 10:43:23.432105,2025-01-01 10:43:23.432105,2025-01-01 10:48:31.314877
O178,SKU3444,A,B,51.89847836212464,P13,Low,4,2025-01-01 12:05:00,2025-01-01 12:09:34.605484,2025-01-01 12:09:34.605484,2025-01-01 12:20:18.022178,2025-01-01 12:20:18.022178,2025-01-01 12:32:15.608818,2025-01-01 12:32:15.608818,2025-01-01 12:40:33.655356,2025-01-01 12:40:33.655356,2025-01-01 12:46:57.205024
O179,SKU5066,A,C,68.56166877224842,P02,Low,1,2025-01-01 13:38:00,2025-01-01 13:42:02.920490,2025-01-01 13:42:02.920490,2025-01-01 13:50:04.329010,2025-01-01 13:50:04.329010,2025-01-01 14:01:51.739530,2025-01-01 14:01:51.739530,2025-01-01 14:14:14.178074,2025-01-01 14:14:14.178074,2025-01-01 14:22:44.832532
O180,SKU4697,B,D,45.33963498131758,P13,Medium,3,2025-01-01 13:58:00,2025-01-01 14:00:24.317816,2025-01-01 14:00:24.317816,2025-01-01 14:08:25.949829,2025-01-01 14:08:25.949829,2025-01-01 14:19:52.101488,2025-01-01 14:19:52.101488,2025-01-01 14:26:31.711468,2025-01-01 14:26:31.711468,2025-01-01 14:29:31.711468
O181,SKU8253,A,A,50.9990554390241,P05,Medium,2,2025-01-01 16:19:00,2025-01-01 16:23:08.757697,2025-01-01 16:23:08.757697,2025-01-01 16:29:13.039256,2025-01-01 16:29:13.039256,2025-01-01 16:40:16.738394,2025-01-01 16:40:16.738394,2025-01-01 16:50:44.154783,2025-01-01 16:50:44.154783,2025-01-01 16:56:28.461030
O182,SKU1986,A,A,40.236247287166286,P10,Low,2,2025-01-01 15:48:00,2025-01-01 15:51:06.452650,2025-01-01 15:51:06.452650,2025-01-01 15:58:49.055345,2025-01-01 15:58:49.055345,2025-01-01 16:09:10.672472,2025-01-01 16:09:10.672472,2025-01-01 16:16:29.838700,2025-01-01 16:16:29.838700,2025-01-01 16:21:06.783983
O183,SKU4404,B,B,51.739160838337625,P11,Medium,4,2025-01-01 09:05:00,2025-01-01 09:08:49.844947,2025-01-01 09:08:49.844947,2025-01-01 09:16:05.332723,2025-01-01 09:16:05.332723,2025-01-01 09:29:47.751020,2025-01-01 09:29:47.751020,2025-01-01 09:34:54.004624,2025-01-01 09:34:54.004624,2025-01-01 09:42:04.539314
O184,SKU3573,A,C,68.51288809424541,P04,Low,2,2025-01-01 07:10:00,2025-01-01 07:15:41.393607,2025-01-01 07:15:41.393607,2025-01-01 07:25:00.568556,2025-01-01 07:25:00.568556,2025-01-01 07:39:43.801324,2025-01-01 07:39:43.801324,2025-01-01 07:49:48.896987,2025-01-01 07:49:48.896987,2025-01-01 07:57:41.789105
O185,SKU1043,A,D,44.42718875895919,P07,Low,2,2025-01-01 09:30:00,2025-01-01 09:32:56.157946,2025-01-01 09:32:56.157946,2025-01-01 09:40:33.005688,2025-01-01 09:40:33.005688,2025-01-01 09:51:35.916297,2025-01-01 09:51:35.916297,2025-01-01 09:58:57.142130,2025-01-01 09:58:57.142130,2025-01-01 10:04:42.365983
O186,SKU5771,B,C,69.28816500330574,P01,High,5,2025-01-01 09:18:00,2025-01-01 09:22:41.586336,2025-01-01 09:22:41.586336,2025-01-01 09:30:02.759323,2025-01-01 09:30:02.759323,2025-01-01 09:49:22.423302,2025-01-01 09:49:22.423302,2025-01-01 09:56:43.112476,2025-01-01 09:56:43.112476,2025-01-01 10:02:50.865425
O187,SKU8438,A,B,38.75707405794169,P02,Low,2,2025-01-01 12:50:00,2025-01-01 12:54:39.011423,2025-01-01 12:54:39.011423,2025-01-01 13:04:54.929723,2025-01-01 13:04:54.929723,2025-01-01 13:15:00.507959,2025-01-01 13:15:00.507959,2025-01-01 13:25:53.846876,2025-01-01 13:25:53.846876,2025-01-01 13:30:51.816260
O188,SKU4241,A,B,43.71515136103953,P07,High,3,2025-01-01 07:41:00,2025-01-01 07:45:36.148633,2025-01-01 07:45:36.148633,2025-01-01 07:51:11.064588,2025-01-01 07:51:11.064588,2025-01-01 08:02:31.477007,2025-01-01 08:02:31.477007,2025-01-01 08:13:50.909065,2025-01-01 08:13:50.909065,2025-01-01 08:18:41.756220
O189,SKU3441,A,A,45.0250134159486,P15,Medium,6,2025-01-01 07:04:00,2025-01-01 07:07:18.689790,2025-01-01 07:07:18.689790,2025-01-01 07:14:29.018534,2025-01-01 07:14:29.018534,2025-01-01 07:33:54.149569,2025-01-01 07:33:54.149569,2025-01-01 07:43:38.217445,2025-01-01 07:43:38.217445,2025-01-01 07:52:01.141419
O190,SKU1977,A,A,48.19520086409374,P03,Low,4,2025-01-01 16:28:00,2025-01-01 16:35:11.586454,2025-01-01 16:35:11.586454,2025-01-01 16:42:47.436803,2025-01-01 16:42:47.436803,2025-01-01 16:55:21.285619,2025-01-01 16:55:21.285619,2025-01-01 17:03:30.122707,2025-01-01 17:03:30.122707,2025-01-01 17:11:13.482821
O191,SKU3037,B,D,47.42459779938251,P08,Low,2,2025-01-01 13:17:00,2025-01-01 13:20:16.232718,2025-01-01 13:20:16.232718,2025-01-01 13:25:38.887132,2025-01-01 13:25:38.887132,2025-01-01 13:40:11.610473,2025-01-01 13:40:11.610473,2025-01-01 13:51:17.568974,2025-01-01 13:51:17.568974,2025-01-01 13:55:13.320073
O192,SKU9199,A,D,59.82573463627777,P09,Low,4,2025-01-01 07:38:00,2025-01-01 07:42:39.381652,2025-01-01 07:42:39.381652,2025-01-01 07:51:19.438533,2025-01-01 07:51:19.438533,2025-01-01 08:06:01.396917,2025-01-01 08:06:01.396917,2025-01-01 08:14:29.531296,2025-01-01 08:14:29.531296,2025-01-01 08:21:13.039590
O193,SKU1653,C,A,57.81799311312912,P15,Low,5,2025-01-01 08:38:00,2025-01-01 08:42:34.061205,2025-01-01 08:42:34.061205,2025-01-01 08:51:34.481019,2025-01-01 08:51:34.481019,2025-01-01 09:06:58.364004,2025-01-01 09:06:58.364004,2025-01-01 09:16:39.178129,2025-01-01 09:16:39.178129,2025-01-01 09:21:50.356003
O194,SKU5102,A,D,61.48733482929439,P01,Low,5,2025-01-01 09:53:00,2025-01-01 09:58:25.940522,2025-01-01 09:58:25.940522,2025-01-01 10:03:03.259168,2025-01-01 10:03:03.259168,2025-01-01 10:19:56.237827,2025-01-01 10:19:56.237827,2025-01-01 10:29:00.164766,2025-01-01 10:29:00.164766,2025-01-01 10:34:36.142442
O195,SKU1339,A,C,67.93393955641903,P13,Medium,6,2025-01-01 12:36:00,2025-01-01 12:39:55.502103,2025-01-01 12:39:55.502103,2025-01-01 12:44:24.454305,2025-01-01 12:44:24.454305,2025-01-01 13:03:10.409450,2025-01-01 13:03:10.409450,2025-01-01 13:12:43.614535,2025-01-01 13:12:43.614535,2025-01-01 13:19:49.507186
O196,SKU1659,A,B,40.00697767705089,P13,Medium,4,2025-01-01 16:33:00,2025-01-01 16:36:29.713505,2025-01-01 16:36:29.713505,2025-01-01 16:45:10.587908,2025-01-01 16:45:10.587908,2025-01-01 17:00:49.041816,2025-01-01 17:00:49.041816,2025-01-01 17:09:20.369964,2025-01-01 17:09:20.369964,2025-01-01 17:14:47.355767
O197,SKU8245,A,B,38.57869350568653,P15,Low,2,2025-01-01 09:27:00,2025-01-01 09:33:00.892714,2025-01-01 09:33:00.892714,2025-01-01 09:43:10.792278,2025-01-01 09:43:10.792278,2025-01-01 09:55:34.693625,2025-01-01 09:55:34.693625,2025-01-01 10:05:26.213348,2025-01-01 10:05:26.213348,2025-01-01 10:12:00.633076
O198,SKU9056,A,A,61.94674144328022,P02,Medium,2,2025-01-01 08:21:00,2025-01-01 08:23:52.717162,2025-01-01 08:23:52.717162,2025-01-01 08:30:04.469153,2025-01-01 08:30:04.469153,2025-01-01 08:44:50.517244,2025-01-01 08:44:50.517244,2025-01-01 08:52:49.413815,2025-01-01 08:52:49.413815,2025-01-01 08:59:59.391627
O199,SKU6260,B,C,59.05633627653794,P11,Low,6,2025-01-01 07:21:00,2025-01-01 07:24:48.460565,2025-01-01 07:24:48.460565,2025-01-01 07:30:48.083135,2025-01-01 07:30:48.083135,2025-01-01 07:56:02.340552,2025-01-01 07:56:02.340552,2025-01-01 08:05:43.454040,2025-01-01 08:05:43.454040,2025-01-01 08:12:03.260307
O200,SKU7744,A,C,73.5925722499984,P12,Low,2,2025-01-01 09:25:00,2025-01-01 09:29:20.770665,2025-01-01 09:29:20.770665,2025-01-01 09:33:13.463757,2025-01-01 09:33:13.463757,2025-01-01 09:45:17.973641,2025-01-01 09:45:17.973641,2025-01-01 09:53:09.297995,2025-01-01 09:53:09.297995,2025-01-01 09:57:10.407410
